"snp"	"refsnp_source"	"chrom"	"position"	"snp_end"	"minor_allele"	"group"
"rs10009409"	"dbSNP"	"chr4"	73855253	73855253	"T"	"prostate_cancer"
"rs1016343"	"dbSNP"	"chr8"	128093297	128093297	"T"	"prostate_cancer"
"rs10187424"	"dbSNP"	"chr2"	85794297	85794297	"C"	"prostate_cancer"
"rs103294"	"dbSNP"	"chr19"	54797848	54797848	"T"	"prostate_cancer"
"rs1041449"	"dbSNP"	"chr21"	42901421	42901421	"G"	"prostate_cancer"
"rs10486567"	"dbSNP"	"chr7"	27976563	27976563	"A"	"prostate_cancer"
"rs10875943"	"dbSNP"	"chr12"	49676010	49676010	"T"	"prostate_cancer"
"rs10896449"	"dbSNP"	"chr11"	68994667	68994667	"G"	"prostate_cancer"
"rs10934853"	"dbSNP"	"chr3"	128038373	128038373	"C"	"prostate_cancer"
"rs10936632"	"dbSNP"	"chr3"	170130102	170130102	"A"	"prostate_cancer"
"rs10993994"	"dbSNP"	"chr10"	51549496	51549496	"C"	"prostate_cancer"
"rs11135910"	"dbSNP"	"chr8"	25892142	25892142	"T"	"prostate_cancer"
"rs11214775"	"dbSNP"	"chr11"	113807181	113807181	"A"	"prostate_cancer"
"rs11228565"	"dbSNP"	"chr11"	68978580	68978580	"A"	"prostate_cancer"
"rs11568818"	"dbSNP"	"chr11"	102401661	102401661	"C"	"prostate_cancer"
"rs11650494"	"dbSNP"	"chr17"	47345186	47345186	"A"	"prostate_cancer"
"rs11902236"	"dbSNP"	"chr2"	10117868	10117868	"T"	"prostate_cancer"
"rs12051443"	"dbSNP"	"chr16"	71691329	71691329	"A"	"prostate_cancer"
"rs12155172"	"dbSNP"	"chr7"	20994491	20994491	"A"	"prostate_cancer"
"rs1218582"	"dbSNP"	"chr1"	154834183	154834183	"A"	"prostate_cancer"
"rs12480328"	"dbSNP"	"chr20"	49527922	49527922	"C"	"prostate_cancer"
"rs12500426"	"dbSNP"	"chr4"	95514609	95514609	"C"	"prostate_cancer"
"rs12621278"	"dbSNP"	"chr2"	173311553	173311553	"G"	"prostate_cancer"
"rs12653946"	"dbSNP"	"chr5"	1895829	1895829	"T"	"prostate_cancer"
"rs1270884"	"dbSNP"	"chr12"	114685571	114685571	"A"	"prostate_cancer"
"rs130067"	"dbSNP"	"chr6"	31118511	31118511	"G"	"prostate_cancer"
"rs1327301"	"dbSNP"	"chrX"	51210057	51210057	"T"	"prostate_cancer"
"rs13385191"	"dbSNP"	"chr2"	20888265	20888265	"G"	"prostate_cancer"
"rs1447295"	"dbSNP"	"chr8"	128485038	128485038	"A"	"prostate_cancer"
"rs1456315"	"dbSNP"	"chr8"	128103937	128103937	"T"	"prostate_cancer"
"rs1465618"	"dbSNP"	"chr2"	43553949	43553949	"T"	"prostate_cancer"
"rs1512268"	"dbSNP"	"chr8"	23526463	23526463	"T"	"prostate_cancer"
"rs16901979"	"dbSNP"	"chr8"	128124916	128124916	"A"	"prostate_cancer"
"rs17021918"	"dbSNP"	"chr4"	95562877	95562877	"T"	"prostate_cancer"
"rs17181170"	"dbSNP"	"chr3"	87173324	87173324	"A"	"prostate_cancer"
"rs17599629"	"dbSNP"	"chr1"	150658287	150658287	"G"	"prostate_cancer"
"rs17694493"	"dbSNP"	"chr9"	22041998	22041998	"G"	"prostate_cancer"
"rs1775148"	"dbSNP"	"chr1"	205757824	205757824	"T"	"prostate_cancer"
"rs1859962"	"dbSNP"	"chr17"	69108753	69108753	"G"	"prostate_cancer"
"rs188140481"	"dbSNP"	"chr8"	128191672	128191672	"A"	"prostate_cancer"
"rs1894292"	"dbSNP"	"chr4"	74349158	74349158	"A"	"prostate_cancer"
"rs1933488"	"dbSNP"	"chr6"	153441079	153441079	"A"	"prostate_cancer"
"rs1983891"	"dbSNP"	"chr6"	41536427	41536427	"T"	"prostate_cancer"
"rs2121875"	"dbSNP"	"chr5"	44365545	44365545	"A"	"prostate_cancer"
"rs2238776"	"dbSNP"	"chr22"	19757892	19757892	"T"	"prostate_cancer"
"rs2242652"	"dbSNP"	"chr5"	1280028	1280028	"A"	"prostate_cancer"
"rs2273669"	"dbSNP"	"chr6"	109285189	109285189	"G"	"prostate_cancer"
"rs2405942"	"dbSNP"	"chrX"	9814135	9814135	"G"	"prostate_cancer"
"rs2427345"	"dbSNP"	"chr20"	61015611	61015611	"T"	"prostate_cancer"
"rs2660753"	"dbSNP"	"chr3"	87110674	87110674	"T"	"prostate_cancer"
"rs2735839"	"dbSNP"	"chr19"	51364623	51364623	"A"	"prostate_cancer"
"rs2807031"	"dbSNP"	"chrX"	52896949	52896949	"C"	"prostate_cancer"
"rs3096702"	"dbSNP"	"chr6"	32192331	32192331	"A"	"prostate_cancer"
"rs3123078"	"dbSNP"	"chr10"	51524971	51524971	"C"	"prostate_cancer"
"rs339331"	"dbSNP"	"chr6"	117210052	117210052	"C"	"prostate_cancer"
"rs3771570"	"dbSNP"	"chr2"	242382864	242382864	"T"	"prostate_cancer"
"rs3850699"	"dbSNP"	"chr10"	104414221	104414221	"G"	"prostate_cancer"
"rs4242382"	"dbSNP"	"chr8"	128517573	128517573	"A"	"prostate_cancer"
"rs4245739"	"dbSNP"	"chr1"	204518842	204518842	"C"	"prostate_cancer"
"rs4430796"	"dbSNP"	"chr17"	36098040	36098040	"G"	"prostate_cancer"
"rs4713266"	"dbSNP"	"chr6"	11219030	11219030	"T"	"prostate_cancer"
"rs4844289"	"dbSNP"	"chrX"	70407983	70407983	"A"	"prostate_cancer"
"rs4962416"	"dbSNP"	"chr10"	126696872	126696872	"C"	"prostate_cancer"
"rs56232506"	"dbSNP"	"chr7"	47437244	47437244	"A"	"prostate_cancer"
"rs5759167"	"dbSNP"	"chr22"	43500212	43500212	"T"	"prostate_cancer"
"rs5919432"	"dbSNP"	"chrX"	67021550	67021550	"C"	"prostate_cancer"
"rs5945572"	"dbSNP"	"chrX"	51229683	51229683	"A"	"prostate_cancer"
"rs6062509"	"dbSNP"	"chr20"	62362563	62362563	"G"	"prostate_cancer"
"rs636291"	"dbSNP"	"chr1"	10556097	10556097	"G"	"prostate_cancer"
"rs6465657"	"dbSNP"	"chr7"	97816327	97816327	"T"	"prostate_cancer"
"rs651164"	"dbSNP"	"chr6"	160581374	160581374	"A"	"prostate_cancer"
"rs6545977"	"dbSNP"	"chr2"	63301164	63301164	"A"	"prostate_cancer"
"rs6625711"	"dbSNP"	"chrX"	70139850	70139850	"T"	"prostate_cancer"
"rs6763931"	"dbSNP"	"chr3"	141102833	141102833	"G"	"prostate_cancer"
"rs684232"	"dbSNP"	"chr17"	618965	618965	"T"	"prostate_cancer"
"rs6869841"	"dbSNP"	"chr5"	172939426	172939426	"T"	"prostate_cancer"
"rs6983267"	"dbSNP"	"chr8"	128413305	128413305	"T"	"prostate_cancer"
"rs7127900"	"dbSNP"	"chr11"	2233574	2233574	"A"	"prostate_cancer"
"rs7130881"	"dbSNP"	"chr11"	68995958	68995958	"G"	"prostate_cancer"
"rs7141529"	"dbSNP"	"chr14"	69126744	69126744	"T"	"prostate_cancer"
"rs7153648"	"dbSNP"	"chr14"	61122526	61122526	"C"	"prostate_cancer"
"rs7210100"	"dbSNP"	"chr17"	47436749	47436749	"A"	"prostate_cancer"
"rs721048"	"dbSNP"	"chr2"	63131731	63131731	"A"	"prostate_cancer"
"rs7241993"	"dbSNP"	"chr18"	76773973	76773973	"T"	"prostate_cancer"
"rs7501939"	"dbSNP"	"chr17"	36101156	36101156	"T"	"prostate_cancer"
"rs7584330"	"dbSNP"	"chr2"	238387228	238387228	"G"	"prostate_cancer"
"rs7611694"	"dbSNP"	"chr3"	113275624	113275624	"C"	"prostate_cancer"
"rs76934034"	"dbSNP"	"chr10"	46082985	46082985	"C"	"prostate_cancer"
"rs7837688"	"dbSNP"	"chr8"	128539360	128539360	"T"	"prostate_cancer"
"rs7931342"	"dbSNP"	"chr11"	68994497	68994497	"T"	"prostate_cancer"
"rs8008270"	"dbSNP"	"chr14"	53372330	53372330	"T"	"prostate_cancer"
"rs80130819"	"dbSNP"	"chr12"	48419618	48419618	"C"	"prostate_cancer"
"rs8014671"	"dbSNP"	"chr14"	71092256	71092256	"G"	"prostate_cancer"
"rs8102476"	"dbSNP"	"chr19"	38735613	38735613	"T"	"prostate_cancer"
"rs817826"	"dbSNP"	"chr9"	110156300	110156300	"C"	"prostate_cancer"
"rs9284813"	"dbSNP"	"chr3"	87152169	87152169	"G"	"prostate_cancer"
"rs9287719"	"dbSNP"	"chr2"	10710730	10710730	"C"	"prostate_cancer"
"rs9364554"	"dbSNP"	"chr6"	160833664	160833664	"T"	"prostate_cancer"
"rs9443189"	"dbSNP"	"chr6"	76495882	76495882	"G"	"prostate_cancer"
"rs9600079"	"dbSNP"	"chr13"	73728139	73728139	"T"	"prostate_cancer"
